Level,EXP to Next Level
200,2207026470
201,2471869646
202,2768494003
203,3100713283
204,3472798876
205,3889534741
206,4356278909
207,4879032378
208,5464516263
209,6120258214
210,7956335678
211,8831532602
212,9803001188
213,10881331318
214,12078277762
215,15701761090
216,17114919588
217,18655262350
218,20334235961
219,22164317197
220,28813612356
221,30830565220
222,32988704785
223,35297914119
224,37768768107
225,49099398539
226,52536356436
227,56213901386
228,60148874483
229,64359295696
230,83667084404
231,86177096936
232,88762409844
233,91425282139
234,94168040603
235,122418452783
236,126091006366
237,129873736556
238,133769948652
239,137783047111
240,179117961244
241,184491500081
242,190026245083
243,195727032435
244,201598843408
245,262078496430
246,269940851322
247,278039076861
248,286380249166
249,294971656640
250,442457484960
251,455731209508
252,469403145793
253,483485240166
254,497989797370
255,512929491291
256,528317376029
257,544166897309
258,560491904228
259,577306661354
260,1731919984062
261,1749239183902
262,1766731575741
263,1784398891498
264,1802242880412
265,2342915744535
266,2366344901980
267,2390008350999
268,2413908434508
269,2438047518853
270,5412465491851
271,5466590146770
272,5521256048237
273,5576468608720
274,5632233294807
275,11377111255510
276,12514822381061
277,13766304619167
278,15142935081084
279,16657228589191
280,33647601750165
281,37012361925183
282,40713598117701
283,44784957929471
284,49263453722418
285,99512176519285
286,109463394171214
287,120409733588335
288,132450706947169
289,145695777641885
290,294305470836608
291,323736017920269
292,356109619712296
293,391720581683526
294,430892639851879
295,870403132500795
296,957443445750874
297,1053187790325960
298,1158506569358560
299,1737759854037840
